question,answer,question_type,source_chunk_id,doc_id,dataset_type,chunk_idx
How old is Regina Willoughby and when is she retiring from Columbia City Ballet?,Regina Willoughby is 40 years old and will retire from the stage in March.,fact,chunk_0,cc_news_0_Daughter Duo is Dancing in The,cc_news,0
What roles are Regina and her daughter Melina performing in The Nutcracker this season?,"Regina is performing the Snow Queen, Melina is in the snow corps, and both appear in the Arabian divertissement.",fact,chunk_0,cc_news_0_Daughter Duo is Dancing in The,cc_news,0
How old is Melina and what is her status with the company this season?,Melina is 18 and this is her first season with the company as a trainee.,fact,chunk_0,cc_news_0_Daughter Duo is Dancing in The,cc_news,0
"In which years were the post-snow scene photos of Regina and Melina taken, as mentioned in the texts?","One photo is noted as from 2003 and another from 2017, both taken in the same theater.",fact,chunk_1,cc_news_0_Daughter Duo is Dancing in The,cc_news,1
Why did Peter Martins request a temporary leave from New York City Ballet and the School of American Ballet?,He requested a temporary leave while the company conducts an internal investigation into sexual harassment accusations aimed at him.,reason,chunk_0,cc_news_1_New York City Ballet Announces,cc_news,0
Who comprises the New York City Ballet's interim artistic leadership team?,The four-person group is led by ballet master Jonathan Stafford and includes resident choreographer Justin Peck and ballet masters Craig Hall and Rebecca Krohn.,fact,chunk_0,cc_news_1_New York City Ballet Announces,cc_news,0
How is the interim team's familiarity with NYCB expected to affect the dancers during the leadership transition?,"Although the group lacks extensive leadership experience, their close familiarity with the company should help ease the dancers' transition.",application,chunk_0,cc_news_1_New York City Ballet Announces,cc_news,0
What day-to-day responsibilities will the team have?,"The team will handle the company's day-to-day artistic needs, including scheduling, casting, and conducting rehearsals.",fact,chunk_1,cc_news_1_New York City Ballet Announces,cc_news,1
Why will updates about the team's situation be provided?,"Updates will be provided because the story surrounding Martins is still unfolding, so new information will be shared as it becomes available.",reason,chunk_1,cc_news_1_New York City Ballet Announces,cc_news,1
